Row Type,Campaign,Sitelink Text,Sitelink Description Line 1,Sitelink Description Line 2,Sitelink Final URL,Callout Text,Structured Snippet Header,Structured Snippet Values
Sitelink,Anbiformazione,Master Online,Scopri tutti i master disponibili,Formazione di alta qualità,/master,,,
Sitelink,Anbiformazione,Corsi di Laurea,Lauree triennali e magistrali,Studia quando vuoi,/corsi-laurea,,,
Sitelink,Anbiformazione,Info e Iscrizioni,Richiedi informazioni gratuite,Supporto dedicato,/iscrizioni,,,
Sitelink,Anbiformazione,Sedi e Contatti,Trova la sede più vicina,Parla con i nostri consulenti,/contatti,,,
Callout,Anbiformazione,,,,,Università Riconosciute,,
Callout,Anbiformazione,,,,,Iscrizioni Aperte,,
Callout,Anbiformazione,,,,,Supporto Didattico,,
Callout,Anbiformazione,,,,,Esami Online,,
Callout,Anbiformazione,,,,,Stage Garantiti,,
Callout,Anbiformazione,,,,,Titoli Validi MIUR,,
Structured Snippet,Anbiformazione,,,,,,Servizi,Master Online;Corsi di Laurea;Formazione Post Laurea;Orientamento
Structured Snippet,Anbiformazione,,,,,,Facoltà,Economia;Psicologia;Ingegneria;Giurisprudenza
